subject,index,n_since_last_click,channel
16,1,0,18
16,1,0,19
16,1,0,28
16,1,0,29
16,1,0,90
16,1,0,91
16,2,1,18
16,2,1,19
16,2,1,28
16,2,1,29
16,2,1,91
16,3,0,18
16,3,0,19
16,3,0,28
16,3,0,29
16,3,0,90
16,3,0,91
16,4,0,18
16,4,0,19
16,4,0,28
16,4,0,29
16,4,0,90
16,4,0,91
16,5,0,18
16,5,0,19
16,5,0,28
16,5,0,29
16,5,0,90
16,5,0,91
16,6,0,18
16,6,0,19
16,6,0,28
16,6,0,29
16,6,0,90
16,6,0,91
16,7,0,18
16,7,0,19
16,7,0,28
16,7,0,29
16,7,0,90
16,7,0,91
16,8,0,18
16,8,0,19
16,8,0,28
16,8,0,29
16,8,0,90
16,8,0,91
16,9,0,18
16,9,0,19
16,9,0,28
16,9,0,29
16,9,0,90
16,9,0,91
16,10,0,18
16,10,0,19
16,10,0,28
16,10,0,29
16,10,0,90
16,11,3,18
16,11,3,19
16,11,3,29
16,11,3,90
16,11,3,91
16,12,3,18
16,12,3,19
16,12,3,28
16,12,3,29
16,12,3,90
16,13,0,18
16,13,0,19
16,13,0,28
16,13,0,29
16,13,0,90
16,13,0,91
16,14,10,18
16,14,10,19
16,14,10,28
16,14,10,29
16,14,10,90
16,14,10,91
16,15,0,19
16,15,0,28
16,15,0,29
16,15,0,90
16,15,0,91
16,16,0,18
16,16,0,19
16,16,0,28
16,16,0,29
16,16,0,90
16,16,0,91
16,17,0,18
16,17,0,19
16,17,0,28
16,17,0,29
16,17,0,90
16,17,0,91
16,18,0,18
16,18,0,19
16,18,0,28
16,18,0,29
16,18,0,90
16,18,0,91
16,19,10,18
16,19,10,19
16,19,10,28
16,19,10,29
16,19,10,90
16,19,10,91
16,20,0,18
16,20,0,19
16,20,0,28
16,20,0,29
16,20,0,90
16,20,0,91
16,21,0,18
16,21,0,19
16,21,0,28
16,21,0,29
16,21,0,90
16,21,0,91
16,22,22,18
16,22,22,19
16,22,22,28
16,22,22,29
16,22,22,90
16,22,22,91
16,23,0,18
16,23,0,19
16,23,0,28
16,23,0,29
16,23,0,90
16,23,0,91
16,24,33,18
16,24,33,19
16,24,33,28
16,24,33,29
16,24,33,90
16,24,33,91
16,25,0,18
16,25,0,19
16,25,0,28
16,25,0,29
16,25,0,91
16,26,0,18
16,26,0,19
16,26,0,28
16,26,0,29
16,26,0,90
16,26,0,91
16,27,0,18
16,27,0,19
16,27,0,28
16,27,0,29
16,27,0,90
16,27,0,91
16,28,3,18
16,28,3,19
16,28,3,28
16,28,3,29
16,28,3,91
16,29,6,18
16,29,6,19
16,29,6,28
16,29,6,29
16,29,6,90
16,29,6,91
16,30,0,18
16,30,0,19
16,30,0,28
16,30,0,29
16,30,0,90
16,30,0,91
16,31,0,18
16,31,0,19
16,31,0,28
16,31,0,29
16,31,0,90
16,31,0,91
16,32,0,18
16,32,0,19
16,32,0,28
16,32,0,29
16,32,0,90
16,32,0,91
16,33,0,18
16,33,0,19
16,33,0,28
16,33,0,29
16,33,0,90
16,33,0,91
16,34,5,18
16,34,5,19
16,34,5,28
16,34,5,29
16,34,5,90
16,34,5,91
16,35,5,18
16,35,5,19
16,35,5,28
16,35,5,29
16,35,5,90
16,35,5,91
16,36,2,18
16,36,2,19
16,36,2,28
16,36,2,29
16,36,2,90
16,36,2,91
16,37,0,18
16,37,0,19
16,37,0,28
16,37,0,29
16,37,0,90
16,37,0,91
16,38,20,18
16,38,20,19
16,38,20,28
16,38,20,29
16,38,20,90
16,38,20,91
16,39,27,18
16,39,27,19
16,39,27,28
16,39,27,29
16,39,27,90
16,39,27,91
16,40,0,18
16,40,0,19
16,40,0,28
16,40,0,29
16,40,0,90
16,40,0,91
16,41,0,18
16,41,0,19
16,41,0,28
16,41,0,29
16,41,0,90
16,41,0,91
16,42,23,18
16,42,23,19
16,42,23,28
16,42,23,29
16,42,23,90
16,42,23,91
16,43,0,18
16,43,0,19
16,43,0,28
16,43,0,29
16,43,0,90
16,43,0,91
16,44,7,18
16,44,7,19
16,44,7,28
16,44,7,29
16,44,7,90
16,44,7,91
16,45,18,18
16,45,18,19
16,45,18,28
16,45,18,29
16,45,18,90
16,45,18,91
16,46,0,18
16,46,0,19
16,46,0,28
16,46,0,29
16,46,0,90
16,46,0,91
16,47,15,19
16,47,15,28
16,47,15,29
16,47,15,90
16,47,15,91
16,48,4,18
16,48,4,19
16,48,4,28
16,48,4,29
16,48,4,90
16,48,4,91
16,49,0,18
16,49,0,19
16,49,0,28
16,49,0,29
16,49,0,90
16,50,18,18
16,50,18,19
16,50,18,28
16,50,18,29
16,50,18,90
16,50,18,91
16,51,16,18
16,51,16,19
16,51,16,28
16,51,16,29
16,51,16,90
16,51,16,91
16,52,13,18
16,52,13,19
16,52,13,28
16,52,13,29
16,52,13,90
16,52,13,91
16,53,6,18
16,53,6,19
16,53,6,28
16,53,6,29
16,53,6,90
16,53,6,91
16,54,0,18
16,54,0,19
16,54,0,28
16,54,0,29
16,54,0,90
16,54,0,91
16,55,0,18
16,55,0,19
16,55,0,28
16,55,0,29
16,55,0,90
16,55,0,91
16,56,3,18
16,56,3,19
16,56,3,28
16,56,3,29
16,56,3,90
16,56,3,91
16,57,37,18
16,57,37,19
16,57,37,28
16,57,37,29
16,57,37,90
16,57,37,91
16,58,0,18
16,58,0,19
16,58,0,28
16,58,0,29
16,58,0,90
16,58,0,91
16,59,40,18
16,59,40,19
16,59,40,28
16,59,40,29
16,59,40,90
16,59,40,91
16,60,4,18
16,60,4,19
16,60,4,29
16,60,4,90
16,60,4,91
16,61,21,18
16,61,21,19
16,61,21,28
16,61,21,29
16,61,21,90
16,61,21,91
16,62,0,18
16,62,0,19
16,62,0,28
16,62,0,29
16,62,0,90
16,62,0,91
16,63,27,18
16,63,27,19
16,63,27,28
16,63,27,29
16,63,27,90
16,63,27,91
16,64,1,18
16,64,1,19
16,64,1,28
16,64,1,29
16,64,1,90
16,64,1,91
16,65,54,18
16,65,54,19
16,65,54,28
16,65,54,29
16,65,54,90
16,65,54,91
16,66,44,18
16,66,44,19
16,66,44,28
16,66,44,29
16,67,1,18
16,67,1,19
16,67,1,28
16,67,1,29
16,67,1,90
16,67,1,91
16,68,33,18
16,68,33,19
16,68,33,28
16,68,33,29
16,68,33,90
16,68,33,91
16,69,14,18
16,69,14,19
16,69,14,28
16,69,14,29
16,69,14,90
16,69,14,91
16,70,4,18
16,70,4,19
16,70,4,28
16,70,4,29
16,70,4,90
16,70,4,91
16,71,10,18
16,71,10,19
16,71,10,28
16,71,10,29
16,71,10,90
16,71,10,91
16,72,37,18
16,72,37,19
16,72,37,28
16,72,37,29
16,72,37,90
16,72,37,91
16,73,28,18
16,73,28,19
16,73,28,28
16,73,28,29
16,73,28,90
16,73,28,91
16,74,0,18
16,74,0,19
16,74,0,28
16,74,0,29
16,74,0,90
16,74,0,91
16,75,81,18
16,75,81,19
16,75,81,28
16,75,81,29
16,75,81,90
16,75,81,91
16,76,48,18
16,76,48,19
16,76,48,28
16,76,48,29
16,76,48,90
16,76,48,91
16,77,3,19
16,77,3,28
16,77,3,29
16,77,3,90
16,77,3,91
16,78,39,18
16,78,39,19
16,78,39,28
16,78,39,29
16,78,39,90
16,78,39,91
16,79,27,18
16,79,27,19
16,79,27,28
16,79,27,29
16,79,27,90
16,79,27,91
16,80,0,18
16,80,0,19
16,80,0,28
16,80,0,29
16,80,0,90
16,80,0,91
16,81,0,18
16,81,0,19
16,81,0,28
16,81,0,29
16,81,0,90
16,81,0,91
16,82,0,18
16,82,0,19
16,82,0,28
16,82,0,29
16,82,0,90
16,82,0,91
16,83,6,18
16,83,6,19
16,83,6,28
16,83,6,29
16,83,6,90
16,83,6,91
16,84,7,19
16,84,7,28
16,84,7,29
16,84,7,90
16,84,7,91
16,85,0,18
16,85,0,19
16,85,0,28
16,85,0,29
16,85,0,90
16,85,0,91
16,86,10,18
16,86,10,19
16,86,10,28
16,86,10,29
16,86,10,90
16,86,10,91
16,87,0,18
16,87,0,19
16,87,0,28
16,87,0,29
16,87,0,90
16,87,0,91
16,88,0,18
16,88,0,19
16,88,0,28
16,88,0,29
16,88,0,90
16,88,0,91
16,89,0,18
16,89,0,19
16,89,0,28
16,89,0,29
16,89,0,90
16,89,0,91
16,90,0,18
16,90,0,19
16,90,0,28
16,90,0,29
16,90,0,90
16,90,0,91
16,91,0,18
16,91,0,19
16,91,0,28
16,91,0,29
16,91,0,90
16,91,0,91
16,92,8,18
16,92,8,19
16,92,8,28
16,92,8,29
16,92,8,90
16,92,8,91
16,93,0,18
16,93,0,19
16,93,0,28
16,93,0,29
16,93,0,90
16,93,0,91
16,94,25,18
16,94,25,19
16,94,25,28
16,94,25,29
16,94,25,90
16,94,25,91
16,95,4,18
16,95,4,19
16,95,4,28
16,95,4,29
16,95,4,90
16,95,4,91
16,96,0,18
16,96,0,19
16,96,0,28
16,96,0,29
16,96,0,90
16,97,1,18
16,97,1,19
16,97,1,28
16,97,1,29
16,97,1,90
16,97,1,91
16,98,2,18
16,98,2,19
16,98,2,28
16,98,2,29
16,98,2,90
16,98,2,91
16,99,6,18
16,99,6,19
16,99,6,28
16,99,6,29
16,99,6,90
16,99,6,91
16,100,0,18
16,100,0,19
16,100,0,28
16,100,0,29
16,100,0,90
16,100,0,91
16,101,22,18
16,101,22,19
16,101,22,28
16,101,22,29
16,101,22,90
16,101,22,91
16,102,26,18
16,102,26,19
16,102,26,28
16,102,26,29
16,102,26,90
16,102,26,91
16,103,18,18
16,103,18,19
16,103,18,28
16,103,18,29
16,103,18,90
16,103,18,91
16,104,27,18
16,104,27,19
16,104,27,28
16,104,27,29
16,104,27,91
16,105,0,18
16,105,0,19
16,105,0,28
16,105,0,90
16,105,0,91
16,106,45,18
16,106,45,19
16,106,45,28
16,106,45,29
16,106,45,90
16,106,45,91
16,107,45,18
16,107,45,19
16,107,45,28
16,107,45,29
16,107,45,90
16,107,45,91
16,108,5,18
16,108,5,19
16,108,5,28
16,108,5,29
16,108,5,90
16,108,5,91
16,109,50,18
16,109,50,19
16,109,50,28
16,109,50,29
16,109,50,90
16,109,50,91
16,110,10,18
16,110,10,19
16,110,10,28
16,110,10,29
16,110,10,90
16,110,10,91
16,111,19,18
16,111,19,19
16,111,19,28
16,111,19,29
16,111,19,90
16,111,19,91
16,112,0,18
16,112,0,19
16,112,0,28
16,112,0,29
16,112,0,90
16,112,0,91
16,113,0,18
16,113,0,19
16,113,0,28
16,113,0,29
16,113,0,90
16,113,0,91
16,114,0,18
16,114,0,19
16,114,0,28
16,114,0,29
16,114,0,90
16,114,0,91
16,115,0,18
16,115,0,19
16,115,0,28
16,115,0,29
16,115,0,91
16,116,0,18
16,116,0,19
16,116,0,29
16,116,0,90
16,117,0,18
16,117,0,19
16,117,0,28
16,117,0,29
16,117,0,91
16,118,0,18
16,118,0,19
16,118,0,28
16,118,0,29
16,118,0,90
16,118,0,91
16,119,0,18
16,119,0,19
16,119,0,29
16,119,0,90
16,119,0,91
16,120,0,18
16,120,0,19
16,120,0,28
16,120,0,29
16,120,0,90
16,120,0,91
16,121,0,18
16,121,0,19
16,121,0,28
16,121,0,29
16,121,0,90
16,121,0,91
16,122,8,18
16,122,8,19
16,122,8,28
16,122,8,29
16,122,8,90
16,122,8,91
16,123,0,18
16,123,0,19
16,123,0,28
16,123,0,29
16,123,0,90
16,123,0,91
16,124,0,18
16,124,0,19
16,124,0,28
16,124,0,29
16,124,0,90
16,124,0,91
16,125,0,18
16,125,0,19
16,125,0,28
16,125,0,29
16,125,0,90
16,125,0,91
16,126,22,18
16,126,22,19
16,126,22,28
16,126,22,29
16,126,22,90
16,126,22,91
16,127,26,18
16,127,26,19
16,127,26,28
16,127,26,29
16,127,26,90
16,127,26,91
16,128,0,18
16,128,0,19
16,128,0,28
16,128,0,29
16,128,0,90
16,128,0,91
16,129,0,18
16,129,0,19
16,129,0,28
16,129,0,29
16,129,0,90
16,129,0,91
16,130,0,18
16,130,0,19
16,130,0,28
16,130,0,29
16,130,0,90
16,130,0,91
16,131,20,18
16,131,20,19
16,131,20,28
16,131,20,29
16,131,20,90
16,131,20,91
16,132,0,18
16,132,0,19
16,132,0,28
16,132,0,29
16,132,0,90
16,132,0,91
16,133,19,18
16,133,19,19
16,133,19,28
16,133,19,29
16,133,19,90
16,133,19,91
16,134,3,18
16,134,3,19
16,134,3,28
16,134,3,29
16,134,3,90
16,134,3,91
16,135,29,18
16,135,29,19
16,135,29,28
16,135,29,29
16,135,29,90
16,135,29,91
16,136,46,18
16,136,46,19
16,136,46,28
16,136,46,29
16,136,46,90
16,136,46,91
16,137,20,18
16,137,20,19
16,137,20,28
16,137,20,29
16,137,20,91
16,138,4,18
16,138,4,19
16,138,4,28
16,138,4,29
16,138,4,90
16,138,4,91
16,139,0,18
16,139,0,19
16,139,0,28
16,139,0,29
16,139,0,90
16,139,0,91
16,140,7,18
16,140,7,19
16,140,7,28
16,140,7,29
16,140,7,90
16,140,7,91
16,141,24,18
16,141,24,19
16,141,24,28
16,141,24,29
16,141,24,90
16,141,24,91
16,142,51,18
16,142,51,19
16,142,51,28
16,142,51,29
16,142,51,90
16,142,51,91
16,143,55,18
16,143,55,19
16,143,55,28
16,143,55,29
16,143,55,90
16,143,55,91
16,144,31,18
16,144,31,19
16,144,31,28
16,144,31,29
16,144,31,90
16,144,31,91
16,145,2,18
16,145,2,19
16,145,2,28
16,145,2,29
16,145,2,90
16,145,2,91
16,146,0,18
16,146,0,19
16,146,0,28
16,146,0,29
16,146,0,90
16,146,0,91
16,147,0,18
16,147,0,19
16,147,0,28
16,147,0,29
16,147,0,90
16,147,0,91
16,148,11,18
16,148,11,19
16,148,11,28
16,148,11,29
16,148,11,90
16,148,11,91
16,149,8,18
16,149,8,19
16,149,8,28
16,149,8,29
16,150,16,18
16,150,16,19
16,150,16,28
16,150,16,29
16,150,16,90
16,150,16,91
16,151,16,18
16,151,16,19
16,151,16,28
16,151,16,29
16,151,16,90
16,151,16,91
16,152,67,18
16,152,67,19
16,152,67,28
16,152,67,29
16,152,67,90
16,153,7,18
16,153,7,19
16,153,7,28
16,153,7,29
16,153,7,90
16,153,7,91
16,154,0,18
16,154,0,19
16,154,0,28
16,154,0,29
16,154,0,90
16,154,0,91
16,155,7,18
16,155,7,19
16,155,7,28
16,155,7,29
16,155,7,90
16,155,7,91
16,156,2,18
16,156,2,19
16,156,2,28
16,156,2,29
16,156,2,90
16,156,2,91
16,157,70,18
16,157,70,19
16,157,70,28
16,157,70,29
16,157,70,90
16,157,70,91
16,158,42,18
16,158,42,19
16,158,42,28
16,158,42,29
16,158,42,90
16,159,73,18
16,159,73,19
16,159,73,28
16,159,73,29
16,159,73,90
16,159,73,91
16,160,18,18
16,160,18,19
16,160,18,28
16,160,18,29
16,160,18,90
16,160,18,91
16,161,56,18
16,161,56,19
16,161,56,28
16,161,56,29
16,161,56,91
16,162,76,18
16,162,76,19
16,162,76,28
16,162,76,29
16,162,76,90
16,162,76,91
16,163,5,18
16,163,5,19
16,163,5,28
16,163,5,29
16,163,5,90
16,163,5,91
16,164,50,18
16,164,50,19
16,164,50,28
16,164,50,29
16,164,50,90
16,164,50,91
16,166,1,18
16,166,1,19
16,166,1,28
16,166,1,29
16,166,1,90
16,166,1,91
16,167,0,18
16,167,0,19
16,167,0,28
16,167,0,29
16,167,0,90
16,167,0,91
16,168,0,18
16,168,0,19
16,168,0,28
16,168,0,29
16,168,0,90
16,168,0,91
16,169,0,18
16,169,0,19
16,169,0,28
16,169,0,29
16,169,0,91
16,170,0,18
16,170,0,19
16,170,0,29
16,170,0,90
16,170,0,91
16,171,10,18
16,171,10,19
16,171,10,28
16,171,10,29
16,171,10,90
16,171,10,91
16,172,10,18
16,172,10,19
16,172,10,28
16,172,10,29
16,172,10,90
16,172,10,91
16,173,0,18
16,173,0,19
16,173,0,28
16,173,0,29
16,173,0,90
16,173,0,91
16,174,18,18
16,174,18,19
16,174,18,28
16,174,18,29
16,174,18,90
16,174,18,91
16,175,2,18
16,175,2,19
16,175,2,28
16,175,2,29
16,175,2,90
16,175,2,91
16,176,12,18
16,176,12,19
16,176,12,28
16,176,12,29
16,176,12,90
16,176,12,91
16,177,0,18
16,177,0,19
16,177,0,28
16,177,0,29
16,177,0,90
16,177,0,91
16,178,0,18
16,178,0,19
16,178,0,28
16,178,0,29
16,178,0,90
16,178,0,91
16,179,0,18
16,179,0,19
16,179,0,28
16,179,0,29
16,179,0,90
16,179,0,91
16,180,0,18
16,180,0,19
16,180,0,28
16,180,0,29
16,180,0,90
16,180,0,91
16,181,0,18
16,181,0,19
16,181,0,28
16,181,0,29
16,181,0,90
16,181,0,91
16,182,0,18
16,182,0,19
16,182,0,28
16,182,0,29
16,182,0,90
16,182,0,91
16,183,0,18
16,183,0,19
16,183,0,28
16,183,0,29
16,183,0,90
16,183,0,91
16,184,19,18
16,184,19,19
16,184,19,28
16,184,19,29
16,184,19,91
16,185,19,18
16,185,19,19
16,185,19,28
16,185,19,29
16,185,19,91
16,186,0,18
16,186,0,19
16,186,0,28
16,186,0,29
16,186,0,90
16,186,0,91
16,187,6,18
16,187,6,19
16,187,6,28
16,187,6,29
16,187,6,90
16,188,0,18
16,188,0,19
16,188,0,28
16,188,0,29
16,188,0,90
16,188,0,91
16,189,40,18
16,189,40,19
16,189,40,29
16,189,40,91
16,190,44,18
16,190,44,19
16,190,44,28
16,190,44,29
16,190,44,90
16,190,44,91
16,191,3,18
16,191,3,19
16,191,3,28
16,191,3,29
16,191,3,90
16,191,3,91
16,192,6,18
16,192,6,19
16,192,6,28
16,192,6,29
16,192,6,90
16,192,6,91
16,193,49,18
16,193,49,19
16,193,49,28
16,193,49,29
16,193,49,91
16,194,0,18
16,194,0,19
16,194,0,28
16,194,0,29
16,194,0,90
16,194,0,91
16,195,0,18
16,195,0,19
16,195,0,28
16,195,0,29
16,195,0,90
16,195,0,91
16,196,0,18
16,196,0,19
16,196,0,28
16,196,0,29
16,196,0,90
16,196,0,91
16,197,0,18
16,197,0,19
16,197,0,28
16,197,0,29
16,197,0,90
16,197,0,91
16,198,0,18
16,198,0,19
16,198,0,28
16,198,0,29
16,198,0,91
16,199,0,18
16,199,0,19
16,199,0,28
16,199,0,29
16,199,0,90
16,199,0,91
16,200,0,18
16,200,0,19
16,200,0,28
16,200,0,29
16,200,0,90
16,200,0,91
16,201,0,18
16,201,0,19
16,201,0,28
16,201,0,29
16,201,0,90
16,201,0,91
16,202,1,18
16,202,1,19
16,202,1,28
16,202,1,29
16,202,1,90
16,202,1,91
16,203,14,18
16,203,14,19
16,203,14,28
16,203,14,29
16,203,14,91
16,204,0,18
16,204,0,19
16,204,0,28
16,204,0,29
16,204,0,90
16,204,0,91
16,205,22,18
16,205,22,19
16,205,22,28
16,205,22,29
16,205,22,90
16,205,22,91
16,206,10,18
16,206,10,19
16,206,10,28
16,206,10,29
16,206,10,90
16,206,10,91
16,207,5,18
16,207,5,19
16,207,5,28
16,207,5,29
16,207,5,90
16,207,5,91
16,208,0,18
16,208,0,19
16,208,0,28
16,208,0,29
16,208,0,90
16,208,0,91
16,209,3,18
16,209,3,19
16,209,3,28
16,209,3,29
16,209,3,90
16,209,3,91
16,210,0,18
16,210,0,19
16,210,0,28
16,210,0,29
16,210,0,90
16,210,0,91
16,211,0,18
16,211,0,19
16,211,0,28
16,211,0,29
16,211,0,90
16,211,0,91
16,212,8,18
16,212,8,19
16,212,8,28
16,212,8,29
16,212,8,90
16,212,8,91
16,213,1,18
16,213,1,19
16,213,1,28
16,213,1,29
16,213,1,90
16,213,1,91
16,214,0,18
16,214,0,19
16,214,0,28
16,214,0,29
16,214,0,90
16,214,0,91
16,215,0,18
16,215,0,19
16,215,0,28
16,215,0,29
16,215,0,90
16,215,0,91
16,216,13,18
16,216,13,19
16,216,13,28
16,216,13,29
16,216,13,90
16,216,13,91
16,217,1,18
16,217,1,19
16,217,1,28
16,217,1,29
16,217,1,90
16,217,1,91
16,218,2,18
16,218,2,19
16,218,2,28
16,218,2,29
16,218,2,91
16,219,8,18
16,219,8,19
16,219,8,28
16,219,8,29
16,219,8,90
16,219,8,91
16,220,27,18
16,220,27,19
16,220,27,28
16,220,27,29
16,220,27,90
16,220,27,91
16,221,10,18
16,221,10,19
16,221,10,28
16,221,10,29
16,221,10,90
16,221,10,91
16,222,43,18
16,222,43,19
16,222,43,28
16,222,43,29
16,222,43,90
16,223,1,18
16,223,1,19
16,223,1,28
16,223,1,29
16,224,36,18
16,224,36,19
16,224,36,28
16,224,36,29
16,224,36,90
16,224,36,91
16,225,11,18
16,225,11,19
16,225,11,28
16,225,11,29
16,225,11,90
16,225,11,91
16,226,31,18
16,226,31,19
16,226,31,28
16,226,31,29
16,226,31,90
16,226,31,91
16,227,25,18
16,227,25,19
16,227,25,28
16,227,25,29
16,227,25,90
16,228,34,18
16,228,34,19
16,228,34,28
16,228,34,29
16,228,34,90
16,228,34,91
16,229,65,18
16,229,65,19
16,229,65,28
16,229,65,29
16,229,65,90
16,229,65,91
16,230,50,18
16,230,50,19
16,230,50,28
16,230,50,29
16,230,50,90
16,230,50,91
16,231,45,18
16,231,45,19
16,231,45,28
16,231,45,29
16,231,45,90
16,231,45,91
16,232,1,18
16,232,1,19
16,232,1,28
16,232,1,29
16,232,1,90
16,232,1,91
16,233,15,18
16,233,15,19
16,233,15,28
16,233,15,29
16,233,15,90
16,233,15,91
16,234,18,18
16,234,18,19
16,234,18,28
16,234,18,29
16,234,18,90
16,234,18,91
16,235,13,18
16,235,13,19
16,235,13,28
16,235,13,29
16,235,13,90
16,235,13,91
16,236,0,19
16,236,0,28
16,236,0,29
16,236,0,90
16,236,0,91
16,237,1,18
16,237,1,19
16,237,1,28
16,237,1,29
16,237,1,90
16,237,1,91
16,238,5,18
16,238,5,19
16,238,5,28
16,238,5,29
16,238,5,90
16,238,5,91
16,239,52,18
16,239,52,19
16,239,52,28
16,239,52,29
16,239,52,90
16,239,52,91
16,240,5,18
16,240,5,19
16,240,5,28
16,240,5,29
16,240,5,91
16,241,10,18
16,241,10,19
16,241,10,28
16,241,10,29
16,241,10,90
16,241,10,91
16,243,22,18
16,243,22,19
16,243,22,28
16,243,22,29
16,243,22,91
16,244,61,18
16,244,61,19
16,244,61,28
16,244,61,29
16,244,61,90
16,244,61,91
16,245,22,18
16,245,22,19
16,245,22,28
16,245,22,29
16,245,22,90
16,246,78,18
16,246,78,19
16,246,78,28
16,246,78,29
16,246,78,90
16,246,78,91
16,247,70,18
16,247,70,19
16,247,70,28
16,247,70,29
16,247,70,90
16,247,70,91
16,248,8,18
16,248,8,19
16,248,8,28
16,248,8,29
16,248,8,90
16,248,8,91
16,249,1,18
16,249,1,19
16,249,1,28
16,249,1,29
16,249,1,90
16,249,1,91
16,250,41,18
16,250,41,19
16,250,41,28
16,250,41,29
16,250,41,90
16,250,41,91
16,251,0,18
16,251,0,19
16,251,0,28
16,251,0,29
16,251,0,90
16,251,0,91
16,252,0,18
16,252,0,19
16,252,0,28
16,252,0,29
16,252,0,90
16,253,0,18
16,253,0,19
16,253,0,28
16,253,0,29
16,253,0,90
16,253,0,91
16,254,0,18
16,254,0,19
16,254,0,28
16,254,0,29
16,254,0,90
16,254,0,91
16,255,0,18
16,255,0,19
16,255,0,28
16,255,0,29
16,255,0,90
16,255,0,91
16,256,0,18
16,256,0,19
16,256,0,28
16,256,0,29
16,256,0,90
16,256,0,91
16,257,8,18
16,257,8,19
16,257,8,28
16,257,8,29
16,257,8,90
16,257,8,91
16,258,6,18
16,258,6,19
16,258,6,28
16,258,6,29
16,258,6,91
16,259,0,18
16,259,0,19
16,259,0,28
16,259,0,29
16,259,0,90
16,259,0,91
16,260,0,18
16,260,0,19
16,260,0,28
16,260,0,29
16,260,0,90
16,260,0,91
16,261,17,18
16,261,17,19
16,261,17,28
16,261,17,29
16,261,17,90
16,261,17,91
16,262,0,18
16,262,0,19
16,262,0,28
16,262,0,29
16,262,0,90
16,262,0,91
16,263,10,18
16,263,10,19
16,263,10,28
16,263,10,29
16,263,10,90
16,263,10,91
16,264,0,18
16,264,0,19
16,264,0,28
16,264,0,29
16,264,0,90
16,264,0,91
16,265,18,18
16,265,18,19
16,265,18,28
16,265,18,29
16,265,18,90
16,265,18,91
16,266,1,18
16,266,1,19
16,266,1,28
16,266,1,29
16,266,1,90
16,266,1,91
16,267,0,19
16,267,0,28
16,267,0,29
16,267,0,90
16,267,0,91
16,268,12,18
16,268,12,19
16,268,12,28
16,268,12,29
16,268,12,90
16,268,12,91
16,269,0,18
16,269,0,19
16,269,0,28
16,269,0,29
16,269,0,90
16,269,0,91
16,270,1,18
16,270,1,19
16,270,1,28
16,270,1,29
16,270,1,90
16,270,1,91
16,271,22,18
16,271,22,19
16,271,22,28
16,271,22,29
16,271,22,90
16,271,22,91
16,272,27,18
16,272,27,19
16,272,27,28
16,272,27,29
16,272,27,90
16,272,27,91
16,273,0,18
16,273,0,19
16,273,0,28
16,273,0,29
16,273,0,90
16,273,0,91
16,274,27,18
16,274,27,19
16,274,27,28
16,274,27,29
16,274,27,90
16,274,27,91
16,275,36,18
16,275,36,19
16,275,36,28
16,275,36,29
16,275,36,90
16,275,36,91
16,276,0,18
16,276,0,19
16,276,0,28
16,276,0,29
16,276,0,90
16,276,0,91
16,277,7,18
16,277,7,19
16,277,7,28
16,277,7,29
16,277,7,90
16,278,6,18
16,278,6,19
16,278,6,28
16,278,6,29
16,278,6,90
16,278,6,91
16,279,0,18
16,279,0,19
16,279,0,28
16,279,0,29
16,279,0,90
16,279,0,91
16,280,0,18
16,280,0,19
16,280,0,28
16,280,0,29
16,280,0,90
16,280,0,91
16,281,0,18
16,281,0,19
16,281,0,28
16,281,0,29
16,281,0,90
16,281,0,91
16,282,0,18
16,282,0,19
16,282,0,28
16,282,0,29
16,282,0,90
16,283,1,18
16,283,1,19
16,283,1,28
16,283,1,29
16,283,1,90
16,283,1,91
16,284,0,18
16,284,0,19
16,284,0,28
16,284,0,29
16,284,0,90
16,285,0,18
16,285,0,19
16,285,0,28
16,285,0,29
16,285,0,90
16,285,0,91
16,286,0,18
16,286,0,19
16,286,0,28
16,286,0,29
16,286,0,91
16,287,0,18
16,287,0,19
16,287,0,28
16,287,0,29
16,287,0,90
16,287,0,91
16,288,0,18
16,288,0,19
16,288,0,28
16,288,0,29
16,288,0,90
16,288,0,91
16,289,0,18
16,289,0,19
16,289,0,28
16,289,0,29
16,289,0,90
16,289,0,91
16,290,0,18
16,290,0,19
16,290,0,28
16,290,0,29
16,290,0,90
16,290,0,91
16,291,0,18
16,291,0,19
16,291,0,28
16,291,0,29
16,291,0,90
16,291,0,91
16,292,0,19
16,292,0,28
16,292,0,29
16,294,6,18
16,294,6,19
16,294,6,28
16,294,6,29
16,294,6,90
16,294,6,91
16,295,1,18
16,295,1,19
16,295,1,28
16,295,1,29
16,295,1,90
16,295,1,91
16,296,12,18
16,296,12,19
16,296,12,28
16,296,12,29
16,296,12,90
16,297,16,18
16,297,16,19
16,297,16,28
16,297,16,29
16,297,16,90
16,297,16,91
16,298,11,18
16,298,11,19
16,298,11,28
16,298,11,29
16,298,11,90
16,298,11,91
16,299,1,18
16,299,1,19
16,299,1,28
16,299,1,29
16,299,1,90
16,299,1,91
16,300,0,18
16,300,0,19
16,300,0,28
16,300,0,29
16,300,0,91
16,301,0,18
16,301,0,19
16,301,0,28
16,301,0,29
16,301,0,90
16,301,0,91
16,302,0,18
16,302,0,19
16,302,0,28
16,302,0,29
16,302,0,90
16,302,0,91
16,303,32,18
16,303,32,19
16,303,32,28
16,303,32,29
16,303,32,90
16,303,32,91
16,304,0,18
16,304,0,19
16,304,0,28
16,304,0,29
16,304,0,90
16,304,0,91
16,305,0,18
16,305,0,19
16,305,0,28
16,305,0,29
16,305,0,90
16,305,0,91
16,306,0,18
16,306,0,19
16,306,0,28
16,306,0,29
16,306,0,90
16,306,0,91
16,307,31,18
16,307,31,19
16,307,31,28
16,307,31,29
16,307,31,90
16,307,31,91
16,308,0,18
16,308,0,19
16,308,0,28
16,308,0,29
16,308,0,90
16,308,0,91
16,309,0,18
16,309,0,19
16,309,0,28
16,309,0,29
16,309,0,90
16,309,0,91
16,310,0,18
16,310,0,19
16,310,0,28
16,310,0,29
16,310,0,90
16,310,0,91
16,311,28,18
16,311,28,19
16,311,28,28
16,311,28,29
16,311,28,90
16,311,28,91
16,312,31,18
16,312,31,19
16,312,31,28
16,312,31,29
16,312,31,90
16,312,31,91
16,313,31,18
16,313,31,19
16,313,31,28
16,313,31,29
16,313,31,90
16,313,31,91
16,314,40,18
16,314,40,19
16,314,40,28
16,314,40,29
16,314,40,90
16,314,40,91
16,315,34,91
16,316,0,18
16,316,0,19
16,316,0,28
16,316,0,29
16,316,0,90
16,316,0,91
16,317,8,18
16,317,8,19
16,317,8,28
16,317,8,29
16,317,8,90
16,317,8,91
16,318,15,18
16,318,15,19
16,318,15,28
16,318,15,29
16,318,15,90
16,318,15,91
16,319,32,18
16,319,32,19
16,319,32,28
16,319,32,29
16,319,32,90
16,319,32,91
16,320,81,18
16,320,81,19
16,320,81,28
16,320,81,29
16,320,81,90
16,321,0,18
16,321,0,19
16,321,0,28
16,321,0,29
16,321,0,91
16,322,0,18
16,322,0,19
16,322,0,28
16,322,0,29
16,322,0,90
16,322,0,91
16,323,0,18
16,323,0,19
16,323,0,29
16,323,0,90
16,323,0,91
16,324,1,18
16,324,1,19
16,324,1,28
16,324,1,29
16,324,1,90
16,324,1,91
16,325,0,18
16,325,0,19
16,325,0,28
16,325,0,29
16,325,0,90
16,325,0,91
16,326,9,18
16,326,9,19
16,326,9,28
16,326,9,29
16,326,9,90
16,327,1,18
16,327,1,19
16,327,1,28
16,327,1,29
16,327,1,90
16,327,1,91
16,328,0,18
16,328,0,19
16,328,0,28
16,328,0,29
16,328,0,90
16,328,0,91
16,329,0,18
16,329,0,19
16,329,0,28
16,329,0,29
16,329,0,90
16,329,0,91
16,330,0,18
16,330,0,19
16,330,0,28
16,330,0,29
16,330,0,90
16,330,0,91
16,331,1,18
16,331,1,19
16,331,1,28
16,331,1,29
16,331,1,90
16,331,1,91
16,332,0,18
16,332,0,19
16,332,0,28
16,332,0,29
16,332,0,90
16,332,0,91
16,333,0,18
16,333,0,19
16,333,0,28
16,333,0,29
16,333,0,90
16,333,0,91
16,334,18,18
16,334,18,19
16,334,18,28
16,334,18,29
16,334,18,91
16,335,0,18
16,335,0,19
16,335,0,28
16,335,0,29
16,335,0,90
16,335,0,91
16,336,3,18
16,336,3,19
16,336,3,28
16,336,3,29
16,336,3,90
16,336,3,91
16,337,0,18
16,337,0,19
16,337,0,28
16,337,0,29
16,337,0,91
16,338,19,18
16,338,19,19
16,338,19,28
16,338,19,29
16,338,19,90
16,338,19,91
16,339,12,18
16,339,12,19
16,339,12,28
16,339,12,29
16,339,12,90
16,339,12,91
16,340,6,18
16,340,6,19
16,340,6,28
16,340,6,29
16,340,6,90
16,340,6,91
16,341,22,18
16,341,22,19
16,341,22,28
16,341,22,29
16,341,22,90
16,341,22,91
16,342,17,18
16,342,17,19
16,342,17,28
16,342,17,29
16,342,17,90
16,342,17,91
16,343,27,18
16,343,27,19
16,343,27,28
16,343,27,29
16,343,27,90
16,343,27,91
16,344,0,18
16,344,0,19
16,344,0,28
16,344,0,29
16,344,0,90
16,344,0,91
16,345,0,18
16,345,0,19
16,345,0,28
16,345,0,29
16,345,0,90
16,345,0,91
16,346,0,18
16,346,0,19
16,346,0,28
16,346,0,29
16,346,0,90
16,347,14,18
16,347,14,19
16,347,14,28
16,347,14,29
16,347,14,90
16,347,14,91
16,348,51,90
16,348,51,91
16,349,14,18
16,349,14,19
16,349,14,28
16,349,14,29
16,349,14,90
16,349,14,91
16,350,0,18
16,350,0,19
16,350,0,28
16,350,0,29
16,350,0,90
16,350,0,91
16,351,0,18
16,351,0,19
16,351,0,28
16,351,0,29
16,351,0,90
16,351,0,91
16,352,0,18
16,352,0,19
16,352,0,28
16,352,0,29
16,352,0,90
16,352,0,91
16,353,0,18
16,353,0,19
16,353,0,28
16,353,0,29
16,353,0,90
16,353,0,91
16,354,23,18
16,354,23,19
16,354,23,28
16,354,23,29
16,354,23,90
16,354,23,91
16,355,0,18
16,355,0,19
16,355,0,28
16,355,0,29
16,355,0,90
16,356,0,18
16,356,0,19
16,356,0,28
16,356,0,29
16,356,0,90
16,356,0,91
16,357,0,18
16,357,0,19
16,357,0,28
16,357,0,29
16,357,0,90
16,357,0,91
16,358,17,18
16,358,17,19
16,358,17,28
16,358,17,29
16,358,17,90
16,358,17,91
16,359,0,18
16,359,0,19
16,359,0,28
16,359,0,29
16,359,0,90
16,359,0,91
16,360,58,18
16,360,58,19
16,360,58,29
16,360,58,90
16,360,58,91
16,361,14,18
16,361,14,19
16,361,14,28
16,361,14,29
16,361,14,90
16,361,14,91
16,362,23,18
16,362,23,19
16,362,23,28
16,362,23,29
16,362,23,90
16,362,23,91
16,363,22,18
16,363,22,19
16,363,22,28
16,363,22,29
16,363,22,90
16,363,22,91
16,364,5,18
16,364,5,19
16,364,5,28
16,364,5,29
16,364,5,90
16,364,5,91
16,365,13,18
16,365,13,19
16,365,13,28
16,365,13,29
16,365,13,91
16,366,0,18
16,366,0,19
16,366,0,28
16,366,0,29
16,366,0,90
16,366,0,91
16,367,0,18
16,367,0,19
16,367,0,28
16,367,0,29
16,367,0,90
16,367,0,91
16,368,0,18
16,368,0,19
16,368,0,28
16,368,0,29
16,368,0,91
16,369,0,18
16,369,0,19
16,369,0,28
16,369,0,29
16,369,0,90
16,369,0,91
16,370,15,18
16,370,15,19
16,370,15,28
16,370,15,29
16,370,15,90
16,370,15,91
16,371,52,18
16,371,52,19
16,371,52,28
16,371,52,29
16,371,52,90
16,371,52,91
16,372,25,18
16,372,25,19
16,372,25,28
16,372,25,29
16,372,25,90
16,372,25,91
16,373,30,18
16,373,30,19
16,373,30,28
16,373,30,29
16,373,30,90
16,373,30,91
16,374,0,18
16,374,0,19
16,374,0,28
16,374,0,29
16,374,0,90
16,374,0,91
16,375,63,18
16,375,63,19
16,375,63,28
16,375,63,29
16,375,63,90
16,375,63,91
16,376,21,18
16,376,21,19
16,376,21,28
16,376,21,29
16,376,21,90
16,376,21,91
16,377,40,18
16,377,40,19
16,377,40,28
16,377,40,29
16,377,40,90
16,377,40,91
16,378,3,18
16,378,3,19
16,378,3,28
16,378,3,29
16,378,3,90
16,378,3,91
16,379,24,18
16,379,24,19
16,379,24,28
16,379,24,29
16,379,24,90
16,379,24,91
16,380,22,18
16,380,22,19
16,380,22,28
16,380,22,29
16,380,22,90
16,380,22,91
16,381,3,18
16,381,3,19
16,381,3,28
16,381,3,29
16,381,3,90
16,381,3,91
16,382,73,18
16,382,73,19
16,382,73,28
16,382,73,29
16,382,73,90
16,382,73,91
16,383,42,18
16,383,42,19
16,383,42,28
16,383,42,29
16,383,42,90
16,383,42,91
16,384,80,18
16,384,80,19
16,384,80,28
16,384,80,29
16,384,80,90
16,384,80,91
16,385,10,18
16,385,10,19
16,385,10,28
16,385,10,29
16,385,10,90
16,385,10,91
16,386,14,18
16,386,14,19
16,386,14,28
16,386,14,29
16,386,14,90
16,386,14,91
16,387,74,19
16,387,74,28
16,387,74,29
16,387,74,90
16,387,74,91
16,388,94,18
16,388,94,19
16,388,94,28
16,388,94,29
16,388,94,90
16,388,94,91
16,389,29,18
16,389,29,19
16,389,29,28
16,389,29,29
16,389,29,90
16,389,29,91
16,390,99,18
16,390,99,19
16,390,99,28
16,390,99,29
16,390,99,90
16,390,99,91
16,391,14,18
16,391,14,19
16,391,14,28
16,391,14,29
16,391,14,90
16,391,14,91
16,392,15,18
16,392,15,19
16,392,15,28
16,392,15,29
16,392,15,90
16,392,15,91
16,393,36,18
16,393,36,19
16,393,36,28
16,393,36,29
16,393,36,90
16,393,36,91
16,394,4,18
16,394,4,19
16,394,4,28
16,394,4,29
16,394,4,90
16,394,4,91
16,395,16,18
16,395,16,19
16,395,16,28
16,395,16,29
16,395,16,90
16,395,16,91
16,396,12,18
16,396,12,19
16,396,12,28
16,396,12,29
16,396,12,90
16,396,12,91
16,397,74,18
16,397,74,19
16,397,74,28
16,397,74,29
16,397,74,90
16,397,74,91
16,398,133,18
16,398,133,19
16,398,133,28
16,398,133,29
16,398,133,90
16,398,133,91
16,399,101,18
16,399,101,19
16,399,101,29
16,399,101,90
16,399,101,91
16,400,12,18
16,400,12,19
16,400,12,28
16,400,12,29
16,400,12,90
16,400,12,91
16,401,11,18
16,401,11,19
16,401,11,28
16,401,11,29
16,401,11,90
16,401,11,91
16,402,39,18
16,402,39,19
16,402,39,28
16,402,39,29
16,402,39,90
16,402,39,91
16,403,49,18
16,403,49,19
16,403,49,28
16,403,49,29
16,403,49,90
16,403,49,91
16,404,27,18
16,404,27,19
16,404,27,28
16,404,27,29
16,404,27,90
16,404,27,91
16,405,17,18
16,405,17,19
16,405,17,28
16,405,17,29
16,405,17,90
16,405,17,91
16,406,58,18
16,406,58,19
16,406,58,28
16,406,58,29
16,406,58,90
16,406,58,91
16,407,58,18
16,407,58,19
16,407,58,28
16,407,58,29
16,407,58,90
16,407,58,91
16,408,121,18
16,408,121,19
16,408,121,28
16,408,121,29
16,408,121,90
16,408,121,91
16,409,166,18
16,409,166,19
16,409,166,28
16,409,166,29
16,409,166,90
16,409,166,91
16,410,17,18
16,410,17,19
16,410,17,28
16,410,17,29
16,410,17,90
16,410,17,91
16,411,11,18
16,411,11,19
16,411,11,28
16,411,11,29
16,411,11,90
16,411,11,91
16,412,0,18
16,412,0,19
16,412,0,28
16,412,0,29
16,412,0,90
16,412,0,91
16,413,0,18
16,413,0,19
16,413,0,28
16,413,0,29
16,414,0,18
16,414,0,19
16,414,0,28
16,414,0,29
16,414,0,90
16,414,0,91
16,415,0,18
16,415,0,19
16,415,0,28
16,415,0,29
16,415,0,90
16,415,0,91
16,416,0,18
16,416,0,19
16,416,0,28
16,416,0,29
16,416,0,90
16,416,0,91
16,417,0,18
16,417,0,19
16,417,0,28
16,417,0,29
16,417,0,90
16,417,0,91
16,418,0,18
16,418,0,19
16,418,0,28
16,418,0,29
16,418,0,90
16,418,0,91
16,419,7,18
16,419,7,19
16,419,7,28
16,419,7,29
16,419,7,90
16,419,7,91
16,420,6,18
16,420,6,19
16,420,6,28
16,420,6,29
16,420,6,90
16,420,6,91
16,421,0,18
16,421,0,19
16,421,0,28
16,421,0,29
16,421,0,90
16,422,9,18
16,422,9,19
16,422,9,28
16,422,9,29
16,422,9,90
16,423,0,18
16,423,0,19
16,423,0,28
16,423,0,29
16,423,0,90
16,423,0,91
16,424,1,18
16,424,1,19
16,424,1,28
16,424,1,29
16,424,1,90
16,424,1,91
16,425,11,18
16,425,11,19
16,425,11,28
16,425,11,29
16,425,11,90
16,425,11,91
16,426,0,18
16,426,0,19
16,426,0,28
16,426,0,29
16,426,0,90
16,427,1,18
16,427,1,19
16,427,1,28
16,427,1,29
16,427,1,90
16,427,1,91
16,428,0,18
16,428,0,19
16,428,0,28
16,428,0,29
16,428,0,90
16,428,0,91
16,429,0,18
16,429,0,19
16,429,0,28
16,429,0,29
16,429,0,90
16,429,0,91
16,430,0,18
16,430,0,19
16,430,0,28
16,430,0,29
16,430,0,90
16,430,0,91
16,432,40,18
16,432,40,19
16,432,40,28
16,432,40,29
16,432,40,90
16,432,40,91
16,433,3,18
16,433,3,19
16,433,3,28
16,433,3,29
16,433,3,90
16,433,3,91
16,434,38,18
16,434,38,19
16,434,38,28
16,434,38,29
16,434,38,91
16,435,14,18
16,435,14,19
16,435,14,28
16,435,14,29
16,435,14,90
16,435,14,91
16,436,12,18
16,436,12,19
16,436,12,28
16,436,12,29
16,436,12,90
16,437,1,18
16,437,1,19
16,437,1,28
16,437,1,29
16,437,1,90
16,437,1,91
16,438,14,18
16,438,14,19
16,438,14,28
16,438,14,29
16,438,14,91
16,439,20,18
16,439,20,19
16,439,20,28
16,439,20,29
16,439,20,90
16,439,20,91
16,440,26,18
16,440,26,19
16,440,26,28
16,440,26,29
16,440,26,90
16,440,26,91
16,441,12,18
16,441,12,19
16,441,12,28
16,441,12,29
16,441,12,90
16,441,12,91
16,442,0,18
16,442,0,19
16,442,0,28
16,442,0,29
16,442,0,90
16,442,0,91
16,443,0,18
16,443,0,19
16,443,0,28
16,443,0,29
16,443,0,90
16,443,0,91
16,444,0,18
16,444,0,19
16,444,0,28
16,444,0,29
16,444,0,90
16,444,0,91
16,445,1,18
16,445,1,19
16,445,1,28
16,445,1,29
16,445,1,90
16,445,1,91
16,446,13,18
16,446,13,19
16,446,13,28
16,446,13,29
16,446,13,90
16,446,13,91
16,447,4,18
16,447,4,19
16,447,4,28
16,447,4,29
16,447,4,90
16,447,4,91
16,448,25,18
16,448,25,19
16,448,25,28
16,448,25,29
16,448,25,90
16,448,25,91
16,449,0,18
16,449,0,19
16,449,0,28
16,449,0,29
16,449,0,90
16,449,0,91
16,450,23,18
16,450,23,19
16,450,23,28
16,450,23,29
16,450,23,90
16,450,23,91
16,451,24,18
16,451,24,19
16,451,24,28
16,451,24,29
16,451,24,90
16,451,24,91
16,452,0,18
16,452,0,19
16,452,0,28
16,452,0,29
16,452,0,90
16,453,2,18
16,453,2,19
16,453,2,28
16,453,2,29
16,453,2,90
16,453,2,91
16,454,64,18
16,454,64,19
16,454,64,28
16,454,64,29
16,454,64,90
16,454,64,91
16,455,2,18
16,455,2,19
16,455,2,28
16,455,2,29
16,455,2,90
16,455,2,91
16,456,0,18
16,456,0,19
16,456,0,28
16,456,0,29
16,456,0,90
16,456,0,91
16,457,28,18
16,457,28,19
16,457,28,28
16,457,28,29
16,457,28,90
16,458,0,18
16,458,0,19
16,458,0,28
16,458,0,29
16,458,0,90
16,458,0,91
16,459,20,18
16,459,20,19
16,459,20,28
16,459,20,29
16,459,20,90
16,460,26,18
16,460,26,19
16,460,26,28
16,460,26,29
16,460,26,90
16,460,26,91
16,461,8,18
16,461,8,19
16,461,8,28
16,461,8,29
16,461,8,90
16,462,3,18
16,462,3,19
16,462,3,28
16,462,3,29
16,462,3,90
16,462,3,91
16,463,1,18
16,463,1,19
16,463,1,28
16,463,1,29
16,463,1,90
16,463,1,91
16,464,0,18
16,464,0,19
16,464,0,28
16,464,0,29
16,464,0,90
16,464,0,91
16,465,30,18
16,465,30,19
16,465,30,28
16,465,30,29
16,465,30,90
16,466,30,18
16,466,30,19
16,466,30,28
16,466,30,29
16,466,30,90
16,467,1,18
16,467,1,19
16,467,1,28
16,467,1,29
16,467,1,90
16,467,1,91
16,468,64,18
16,468,64,19
16,468,64,29
16,468,64,91
16,469,31,18
16,469,31,19
16,469,31,28
16,469,31,29
16,469,31,90
16,469,31,91
16,470,20,18
16,470,20,19
16,470,20,28
16,470,20,29
16,470,20,90
16,470,20,91
16,471,18,18
16,471,18,19
16,471,18,28
16,471,18,29
16,471,18,90
16,472,0,19
16,472,0,28
16,472,0,29
16,472,0,90
16,472,0,91
16,473,63,18
16,473,63,19
16,473,63,29
16,473,63,90
16,473,63,91
16,474,0,18
16,474,0,19
16,474,0,28
16,474,0,29
16,474,0,90
16,474,0,91
16,475,41,18
16,475,41,19
16,475,41,28
16,475,41,29
16,475,41,90
16,475,41,91
16,476,0,18
16,476,0,19
16,476,0,90
16,476,0,91
16,477,0,18
16,477,0,19
16,477,0,28
16,477,0,29
16,477,0,90
16,477,0,91
16,478,1,18
16,478,1,19
16,478,1,28
16,478,1,29
16,478,1,90
16,478,1,91
16,479,0,18
16,479,0,19
16,479,0,28
16,479,0,29
16,479,0,90
16,479,0,91
16,480,24,18
16,480,24,19
16,480,24,29
16,480,24,90
16,481,4,90
16,481,4,91
16,482,23,18
16,482,23,19
16,482,23,28
16,482,23,29
16,482,23,91
16,483,44,18
16,483,44,19
16,483,44,28
16,483,44,29
16,483,44,90
16,483,44,91
16,484,1,18
16,484,1,19
16,484,1,28
16,484,1,29
16,484,1,90
16,484,1,91
16,485,30,18
16,485,30,19
16,485,30,28
16,485,30,29
16,485,30,90
16,485,30,91
16,486,91,18
16,486,91,19
16,486,91,28
16,486,91,29
16,486,91,90
16,486,91,91
16,487,90,18
16,487,90,19
16,487,90,28
16,487,90,29
16,487,90,90
16,487,90,91
16,488,10,18
16,488,10,19
16,488,10,28
16,488,10,29
16,488,10,90
16,488,10,91
16,489,30,18
16,489,30,19
16,489,30,28
16,489,30,29
16,489,30,90
16,489,30,91
16,490,20,18
16,490,20,19
16,490,20,28
16,490,20,29
16,490,20,90
16,491,3,18
16,491,3,19
16,491,3,28
16,491,3,29
16,491,3,90
16,491,3,91
16,492,2,18
16,492,2,19
16,492,2,28
16,492,2,29
16,492,2,90
16,492,2,91
16,493,146,18
16,493,146,19
16,493,146,28
16,493,146,29
16,493,146,90
16,493,146,91
16,494,17,18
16,494,17,19
16,494,17,28
16,494,17,29
16,494,17,90
16,494,17,91
16,495,158,18
16,495,158,19
16,495,158,28
16,495,158,29
16,495,158,90
16,496,150,18
16,496,150,19
16,496,150,28
16,496,150,29
16,496,150,90
16,497,145,18
16,497,145,19
16,497,145,28
16,497,145,29
16,497,145,90
16,497,145,91
16,498,158,18
16,498,158,19
16,498,158,28
16,498,158,29
16,498,158,90
16,498,158,91
16,499,36,18
16,499,36,19
16,499,36,28
16,499,36,29
16,499,36,90
16,499,36,91
16,500,133,18
16,500,133,19
16,500,133,28
16,500,133,29
16,500,133,90
16,501,18,18
16,501,18,19
16,501,18,28
16,501,18,29
16,501,18,91
16,502,140,18
16,502,140,19
16,502,140,28
16,502,140,29
16,502,140,90
16,503,5,18
16,503,5,19
16,503,5,28
16,503,5,29
16,503,5,90
16,503,5,91
16,504,82,18
16,504,82,19
16,504,82,28
16,504,82,29
16,504,82,90
16,504,82,91
16,505,2,18
16,505,2,19
16,505,2,28
16,505,2,29
16,505,2,90
16,505,2,91
16,506,38,18
16,506,38,19
16,506,38,28
16,506,38,29
16,506,38,90
16,506,38,91
16,507,42,18
16,507,42,19
16,507,42,28
16,507,42,29
16,507,42,90
16,508,7,18
16,508,7,19
16,508,7,28
16,508,7,29
16,508,7,90
16,508,7,91
16,509,153,18
16,509,153,19
16,509,153,28
16,509,153,29
16,509,153,90
16,509,153,91
16,510,0,18
16,510,0,19
16,510,0,28
16,510,0,29
16,510,0,91
16,511,0,18
16,511,0,19
16,511,0,28
16,511,0,29
16,512,0,18
16,512,0,19
16,512,0,28
16,512,0,29
16,512,0,90
16,512,0,91
16,513,0,18
16,513,0,19
16,513,0,28
16,513,0,29
16,513,0,90
16,513,0,91
16,514,0,18
16,514,0,19
16,514,0,28
16,514,0,29
16,514,0,90
16,514,0,91
16,515,0,18
16,515,0,19
16,515,0,28
16,515,0,29
16,515,0,90
16,515,0,91
16,516,9,18
16,516,9,19
16,516,9,29
16,516,9,90
16,516,9,91
16,517,6,18
16,517,6,19
16,517,6,28
16,517,6,29
16,517,6,90
16,517,6,91
16,518,1,18
16,518,1,19
16,518,1,28
16,518,1,29
16,518,1,90
16,518,1,91
16,519,5,18
16,519,5,19
16,519,5,28
16,519,5,29
16,519,5,90
16,519,5,91
16,520,11,18
16,520,11,19
16,520,11,29
16,520,11,90
16,520,11,91
16,521,0,18
16,521,0,19
16,521,0,28
16,521,0,29
16,521,0,90
16,521,0,91
16,522,0,18
16,522,0,19
16,522,0,28
16,522,0,29
16,522,0,90
16,522,0,91
16,523,5,18
16,523,5,19
16,523,5,28
16,523,5,29
16,523,5,90
16,523,5,91
16,524,27,18
16,524,27,19
16,524,27,28
16,524,27,29
16,524,27,90
16,524,27,91
16,525,13,18
16,525,13,19
16,525,13,28
16,525,13,29
16,525,13,90
16,525,13,91
16,526,0,18
16,526,0,19
16,526,0,28
16,526,0,29
16,526,0,90
16,526,0,91
16,527,0,18
16,527,0,19
16,527,0,28
16,527,0,29
16,527,0,90
16,527,0,91
16,528,0,18
16,528,0,19
16,528,0,28
16,528,0,29
16,528,0,90
16,528,0,91
16,529,0,18
16,529,0,19
16,529,0,28
16,529,0,29
16,529,0,90
16,529,0,91
16,530,6,18
16,530,6,19
16,530,6,28
16,530,6,29
16,530,6,90
16,530,6,91
16,531,0,18
16,531,0,19
16,531,0,28
16,531,0,29
16,531,0,90
16,531,0,91
16,532,1,18
16,532,1,19
16,532,1,28
16,532,1,29
16,532,1,90
16,532,1,91
16,533,14,18
16,533,14,19
16,533,14,28
16,533,14,29
16,533,14,90
16,533,14,91
16,534,0,18
16,534,0,19
16,534,0,28
16,534,0,29
16,534,0,90
16,534,0,91
16,535,13,18
16,535,13,19
16,535,13,28
16,535,13,29
16,535,13,91
16,536,0,18
16,536,0,19
16,536,0,28
16,536,0,29
16,536,0,90
16,537,0,18
16,537,0,19
16,537,0,28
16,537,0,29
16,537,0,90
16,537,0,91
16,538,0,18
16,538,0,19
16,538,0,28
16,538,0,29
16,538,0,90
16,538,0,91
16,539,1,18
16,539,1,19
16,539,1,28
16,539,1,29
16,539,1,90
16,539,1,91
16,540,29,18
16,540,29,19
16,540,29,28
16,540,29,29
16,540,29,90
16,541,1,18
16,541,1,19
16,541,1,28
16,541,1,29
16,541,1,90
16,541,1,91
16,542,9,18
16,542,9,19
16,542,9,28
16,542,9,29
16,542,9,90
16,542,9,91
16,543,22,18
16,543,22,19
16,543,22,28
16,543,22,29
16,543,22,90
16,543,22,91
16,544,1,18
16,544,1,19
16,544,1,28
16,544,1,29
16,544,1,90
16,544,1,91
16,545,1,18
16,545,1,19
16,545,1,28
16,545,1,29
16,545,1,90
16,546,0,18
16,546,0,19
16,546,0,28
16,546,0,29
16,546,0,90
16,546,0,91
16,547,0,18
16,547,0,19
16,547,0,28
16,547,0,29
16,547,0,91
16,548,11,18
16,548,11,19
16,548,11,28
16,548,11,29
16,548,11,90
16,548,11,91
16,549,14,18
16,549,14,19
16,549,14,28
16,549,14,29
16,549,14,90
16,549,14,91
16,550,1,18
16,550,1,19
16,550,1,28
16,550,1,29
16,550,1,90
16,550,1,91
16,551,22,18
16,551,22,19
16,551,22,28
16,551,22,29
16,551,22,90
16,551,22,91
16,552,78,18
16,552,78,19
16,552,78,28
16,552,78,29
16,552,78,90
16,552,78,91
16,553,51,18
16,553,51,19
16,553,51,28
16,553,51,29
16,553,51,90
16,553,51,91
16,554,0,18
16,554,0,19
16,554,0,28
16,554,0,29
16,554,0,90
16,554,0,91
16,555,6,18
16,555,6,19
16,555,6,28
16,555,6,29
16,555,6,90
16,555,6,91
16,556,67,18
16,556,67,19
16,556,67,28
16,556,67,29
16,556,67,90
16,556,67,91
16,557,17,18
16,557,17,19
16,557,17,28
16,557,17,29
16,557,17,90
16,557,17,91
16,558,0,18
16,558,0,19
16,558,0,28
16,558,0,29
16,558,0,90
16,558,0,91
16,559,1,18
16,559,1,19
16,559,1,28
16,559,1,29
16,560,8,18
16,560,8,19
16,560,8,28
16,560,8,29
16,560,8,90
16,560,8,91
16,561,14,18
16,561,14,19
16,561,14,28
16,561,14,29
16,561,14,90
16,561,14,91
16,562,0,18
16,562,0,19
16,562,0,28
16,562,0,29
16,562,0,90
16,562,0,91
16,563,73,18
16,563,73,19
16,563,73,28
16,563,73,29
16,563,73,90
16,564,23,18
16,564,23,19
16,564,23,28
16,564,23,29
16,564,23,90
16,564,23,91
16,565,44,18
16,565,44,19
16,565,44,28
16,565,44,29
16,565,44,90
16,565,44,91
16,566,1,18
16,566,1,19
16,566,1,28
16,566,1,29
16,566,1,90
16,566,1,91
16,567,2,18
16,567,2,19
16,567,2,28
16,567,2,29
16,567,2,90
16,567,2,91
16,568,17,18
16,568,17,19
16,568,17,28
16,568,17,29
16,568,17,90
16,568,17,91
16,569,23,18
16,569,23,19
16,569,23,28
16,569,23,29
16,569,23,90
16,569,23,91
16,570,61,18
16,570,61,19
16,570,61,28
16,570,61,29
16,570,61,90
16,570,61,91
16,571,0,18
16,571,0,28
16,571,0,29
16,571,0,90
16,571,0,91
16,572,28,18
16,572,28,19
16,572,28,28
16,572,28,29
16,572,28,90
16,572,28,91
16,573,0,18
16,573,0,19
16,573,0,28
16,573,0,29
16,573,0,90
16,573,0,91
16,574,20,18
16,574,20,19
16,574,20,28
16,574,20,29
16,574,20,90
16,574,20,91
16,575,21,18
16,575,21,19
16,575,21,29
16,575,21,90
16,575,21,91
16,576,2,18
16,576,2,19
16,576,2,28
16,576,2,29
16,576,2,90
16,576,2,91
16,577,16,18
16,577,16,19
16,577,16,28
16,577,16,29
16,577,16,90
16,577,16,91
16,578,32,18
16,578,32,19
16,578,32,28
16,578,32,29
16,578,32,90
16,578,32,91
16,579,5,18
16,579,5,19
16,579,5,28
16,579,5,29
16,579,5,90
16,579,5,91
16,580,25,18
16,580,25,19
16,580,25,28
16,580,25,29
16,580,25,90
16,580,25,91
16,581,6,18
16,581,6,19
16,581,6,28
16,581,6,29
16,581,6,90
16,581,6,91
16,582,0,18
16,582,0,19
16,582,0,28
16,582,0,29
16,582,0,90
16,582,0,91
16,583,14,18
16,583,14,28
16,583,14,29
16,583,14,90
16,583,14,91
16,584,8,18
16,584,8,19
16,584,8,28
16,584,8,29
16,584,8,90
16,584,8,91
16,585,16,18
16,585,16,28
16,585,16,29
16,585,16,90
16,585,16,91
16,586,28,18
16,586,28,19
16,586,28,28
16,586,28,29
16,586,28,90
16,586,28,91
16,587,1,18
16,587,1,19
16,587,1,28
16,587,1,29
16,587,1,90
16,587,1,91
16,588,4,18
16,588,4,19
16,588,4,28
16,588,4,29
16,588,4,90
16,588,4,91
16,589,69,18
16,589,69,19
16,589,69,28
16,589,69,29
16,589,69,90
16,589,69,91
16,590,82,18
16,590,82,19
16,590,82,28
16,590,82,29
16,590,82,90
16,590,82,91
